n_prev_games,n_estimators,max_depth,learning_rate,validation_MAE,validation_MSE,validation_RMSE,test_MAE,test_MSE,test_RMSE,best_iteration
5,500,6,0.05,1.144849863560404,4.201209853526483,2.0496853059741835,1.2208558535584013,4.745929665151178,2.178515472782137,88
3,500,6,0.05,1.1502186668855703,4.095289645777391,2.023682199797535,1.2144523882267095,4.705158119269649,2.169137644150239,133
7,500,6,0.05,1.1837512127635756,4.394934931088798,2.096410010252956,1.2265312755808102,4.970677340304353,2.2295015901102992,91
8,500,6,0.05,1.195362049141787,4.6772541747701455,2.1626960430837583,1.2036493372178592,4.61356486224033,2.14792105586782,118
10,500,6,0.05,1.1994647523151705,4.571922500877269,2.1382054393526526,1.2885947956512331,5.135747888811075,2.2662188528055,65
4,500,6,0.05,1.2147108537171636,4.421344927308126,2.102699438176585,1.184033864566987,4.315468916956729,2.077370673942599,60
9,500,6,0.05,1.2163546858579481,4.596928097703487,2.144044798436704,1.1889441710284778,4.264654114626528,2.0651038992328035,68
6,500,6,0.05,1.219078368359061,4.504589442853284,2.1224018099439332,1.1914821483843065,4.589391995239925,2.142286627704128,109
